pl,lac
Klon,Acer campestre 'Elsrijk'
Klon,Acer campestre 'Nanum'
Klon,Acer platanoides 'Columnare'
Klon,Acer platanoides 'Crimson Sentry'
Klon,Acer platanoides 'Globosum'
Klon,Acer platanoides 'Princeton Gold'
Klon,Acer pseudoplatanus 'Brilliantissimum'
Klon,Acer pseudoplatanus 'Atropurpureum'
Klon,Acer pseudoplatanus Simon-Louis-Freres'
Kasztanowiec,Aesculus x carnea 'Briotii'
Brzoza,Betula pendula 'Gracilis'
Brzoza,Betula pendula 'Golden Cloud'
Brzoza,Betula pendula ‘Goldbirce’
Brzoza,Betula pendula 'Youngii'
Brzoza,Betula utilis 'Long Trunk'
Brzoza,Betula utilis 'Doorenbos'
Grab,Carpinus betulus ‘Frans Fontaine’
Grab,Carpinus betulus ‘Lucas’
Grab,Carpinus betulus ‘Fastigiata’
Grujecznik,Cercydiphyllum japonicum
Grujecznik,Cercydiphyllum japonicum ‘Pendulum’
Jesion,Fraxinus americana ‘Crispa’
Morwa,Morus alba Pendula
Platan,Platan x hispania
Wiśnia,Prunus serrulata 'Kanzan'
Wiśnia,Prunus serrulata 'Royal Burgundy'
Grusza,Pyrus calleryana 'Chaticleer'
Dąb,Quercus robur
Dąb,Quercus robur 'Fastigata'
Dąb,Quercus robur 'Fastigata Coster'
Dąb,Quercus palustris
Dąb,Quercus palustris 'Green Dwarf'
Robinia,Robinia pseudoacacia 'Umbraculifera'
Jarząb,Sorbus aucuparia 'Fastigata'
Jarząb,Sorbus aria
Jarząb,Sorbus 'Dodong'
Lipa,Tilia cordata ' Green Spire’
Lipa,Tilia tomentosa 'Varsaviensis'
Wiąz,Ulmus holandica 'Wredei'
Modrzew,Larix kampferii 'Little Boggle'
Modrzew,Larix kampferii 'Stiff Wceper'
Metasekwoja,Metaseguoie glyptosfroboides 'Goldrush'
Świerk,Picea omorica
Świerk,Picea omorica 'Pendula'
Świerk,Picea pongens 'Białobok'
Świerk,Picea pungens 'Hoopsii'
Świerk,Picea pungens 'Iseli Fastigata'
Sosna,Pinus parviflora ‘Glauca’